Name,Download Count
syk,17
suid,24
quoth,31
itty,40
uchrono,40
vyper,41
sedre,41
tompl,45
fenv,47
qio,49
libq,52
syu,53
procmacro2,58
mow,59
regix,61
noo,62
bidi,68
percent,69
futurex,78
fav,79
qrl,85
nuo,86
drand,96
termio,98
base94,101
nim,103
noq,103
hypar,105
grob,111
traits,111
rpu,123
semverq,125
gcookie,126
ccap,128
trime,144
tokio-go,147
voidy,147
mhrono,154
tokiox,155
voml,160
tome,164
tags,170
proc-macro0,172
nog,173
raon,177
min,184
pho,190
votd,193
synox,202
gum,207
wmemchr,214
parser,220
setver,224
clp,226
yu,227
stoa,231
verde,232
udl,232
serde2,248
atto,249
proc-macro3,269
nxm,275
mimd,277
bytex,279
language,285
lot,287
movec,293
roid,300
slam,302
integer,304
radon,308
ggc,332
lib2,336
ondrop,341
myu,343
hf,344
jcc,348
eand,351
lihc,359
gcob,370
eitherq,371
mquote,375
raygon,382
ws2,386
byter,392
nox,396
itla,400
mimo,404
clapi,406
chron,409
rustc-serialize2,411
base64s,413
matcher,413
netx,433
rslab,472
ina,478
lime,481
tim,503
baze64,519
foundation,525
lox,530
kserde,540
rann,548
vecmap,550
if,556
ucc,568
iter,602
relex,622
regen,624
nets,626
fermion,637
arty,649
nvm,650
turl,651
backtrack,652
rookie,662
flv,673
lc,675
opensql,679
local,679
vec,754
dna,764
acc,786
wookie,815
slas,842
piow,896
num_cpu,901
rand_lcg,931
attr,956
toykio,961
rang,1007
ida,1047
epoch,1094
meow,1104
wand,1122
quick,1168
zlog,1198
pwf,1217
types,1261
map,1303
itertool,1307
nv,1345
tml,1364
language-tag,1404
server,1409
shared,1467
syr,1482
jlog,1493
netr,1497
chain,1509
serde_json5,1529
typer,1560
ansi,1579
regexm,1621
os,1648
futures2,1696
chronos,1698
tmpdir,1707
drand_core,1768
numtraits,1803
slag,1921
toio,1976
array-vec,1979
hc,2093
openssl2-sys,2121
serde_bson,2126
api,2144
muid,2235
cv,2507
emver,2752
utf8,2904
clam,2928
build,3004
tokyo,3040
lib,3278
static,3998
cfg-iif,4036
net,4064
scope-guard,4195
ether,4442
util,4460
qute,4623
sys,4826
pkg,5083
flate3,5144
wcookie,5256
linapi,5483
ebacktrace,5537
urid,5650
quick-error2,5658
matches2,6655
umio,6720
proc,6973
lazy,7462
mice,7744
check,7777
crayon,7880
derive,9657
dither,9722
ph,10099
thread,10336
future,10346
utils,13540
cfg,13826
ansiterm,13900
io,13993
syscall,14354
redox,14556
aovec,16103
hurl,17525
byte-order,18126
wither,19060
ranges,27111
yn,28375
hypher,28868
iota,35007
squote,43264
byte,46107
blob,47863
xfailure,59206
pdf,117709
xid,129532
pio,132510
base62,136887
nu,141783
ucd,160931
openssh,168505
version,170910
logger,172535
temp-file,179744
gc,186446
chacha,241759
itoap,264973
oid,301100
nbytes,319592
env,358933
ftoa,409085
deque,515161
error,615633
corefoundation-sys,755555
temp-dir,835084
idea,940378
gloo,1146282
nuid,1314379
timer,1620090
unicode-id,3442321
encoding,8422734
json,9206080
termios,9209005
slog,13682795
gcc,13689907
config,16113455
crossbeam,26646819
failure,28818965
parking,29774351
term,32981160
core-foundation,37628006
num,38529786
matchers,47065254
phf,49681803
openssl,72078821
backtrace,86736212
winapi,98110374
tokio,132787715
mio,136050460
semver,157735167
parking_lot,172398477
regex,184729663
time,189726777
itoa,207258082
serde,224762927
rand,248675126
